{"vectors":[{"idx":0,"vec":[0.0010813702829182148,-0.014619940891861916,0.020288974046707153,-0.07371431589126587,0.004098601173609495,-0.010797057300806046,-0.03752480074763298,0.04477405920624733,0.05306034907698631,-0.010956431739032269,-0.020685965195298195,-0.06010310724377632,0.04267817363142967,0.05722722038626671,0.002848203992471099,-0.03304622694849968,-0.0056907301768660545,-0.038050856441259384,-0.11309044808149338,-0.014901537448167801,0.13929572701454163,0.011295158416032791,0.020167624577879906,-0.04522679001092911,-0.03377275541424751,0.013664635829627514,0.013401003554463387,0.01646793633699417,0.03533502668142319,-0.14238446950912476,-0.029070626944303513,-0.02391054481267929,0.07180462777614594,0.005032071378082037,0.049338534474372864,0.0013273124350234866,-0.017365604639053345,0.036360569298267365,-0.01954667828977108,0.01345584262162447,0.018497992306947708,-0.0371275432407856,0.009385350160300732,-0.009694097563624382,0.02800562046468258,-0.08376497775316238,-0.024981528520584106,0.06490034610033035,0.01701541803777218,0.004636471159756184,-0.08072712272405624,-0.05486558377742767,-0.023757342249155045,-0.0019183479016646743,0.0058391038328409195,0.10540397465229034,0.03776479884982109,0.005164427682757378,0.02638712152838707,0.018303027376532555,0.05473735183477402,0.03939157724380493,-0.1812034547328949,0.05638685077428818,0.04494079574942589,-0.021466638892889023,0.03538944199681282,0.03231131285429001,0.026486948132514954,0.009571578353643417,0.023499391973018646,0.005760118830949068,0.040555063635110855,0.07430681586265564,-0.007901540957391262,-0.009751956909894943,0.02125650830566883,-0.05629563704133034,-0.017001081258058548,-0.020292554050683975,-0.02103334479033947,0.060322631150484085,0.0020700825843960047,-0.028071649372577667,-0.021126871928572655,-0.03891616687178612,-0.02831043303012848,-0.0038657428231090307,-0.015664273872971535,0.00894151721149683,-0.038935814052820206,-0.029078779742121696,-0.007662391290068626,0.004869900643825531,-0.046942338347435,0.0011739280307665467,0.000008046079528867267,0.0025740088894963264,-0.011626940220594406,0.18356889486312866,-0.08922781050205231,-0.020827706903219223,0.03924931585788727,-0.07392927259206772,0.055561576038599014,0.0013317912817001343,-0.012798857875168324,-0.03081093542277813,-0.006868245080113411,0.0010248164180666208,0.01918455772101879,-0.061735279858112335,0.012363140471279621,-0.01007681991904974,-0.005021360237151384,-0.02724134549498558,0.046870157122612,0.004996029194444418,0.0679045245051384,-0.051649920642375946,0.010056748986244202,0.024095814675092697,-0.04803229495882988,0.0017112139612436295,0.049295779317617416,-0.022595427930355072,0.07304697483778,0.06397242099046707,0.02694852091372013,0.07800105959177017,-0.005862618796527386,0.05230876803398132,-0.027316605672240257,-0.017344487830996513,0.021729761734604836,-0.010246877558529377,-0.002960338955745101,-0.02569897100329399,0.056125231087207794,-0.0632215067744255,0.002582921413704753,-0.08701643347740173,-0.03889748826622963,-0.11149699240922928,0.002750648185610771,0.049810342490673065,-0.06619903445243835,0.01837596669793129,-0.023816244676709175,-0.03601449728012085,-0.03747311234474182,0.0806208923459053,-0.015598194673657417,-0.022089743986725807,0.015632083639502525,0.06092282757163048,-0.011841654777526855,0.10610579699277878,0.020699050277471542,0.03300343453884125,0.0015208515105769038,-0.0020262892358005047,-0.005221118219196796,0.024608619511127472,0.003649344202131033,-0.14909224212169647,0.011101899668574333,-0.001311739208176732,-0.0181740615516901,0.00037378034903667867,0.0062566897831857204,0.013374741189181805,-0.039535146206617355,0.025778409093618393,0.14424638450145721,0.0006796196103096008,-0.009890553541481495,0.06645141541957855,-0.04341093823313713,0.012789564207196236,0.05526571720838547,-0.055948879569768906,-0.04077693074941635,0.021255575120449066,0.013972819782793522,-0.02866525389254093,-0.019874664023518562,-0.03969739377498627,0.057975564152002335,0.07811719924211502,-0.025394532829523087,0.019204003736376762,-0.04057040438055992,-0.041073594242334366,-0.0728161409497261,-0.007395397871732712,0.03240320086479187,-0.07897452265024185,0.01617332734167576,-0.024757256731390953,0.17196886241436005,0.06713175773620605,0.004363084211945534,0.03131870552897453,0.020683126524090767,0.011174322105944157,0.04505031928420067,-0.0001745065674185753,0.05304735153913498,0.0012264172546565533,-0.02239324524998665,-0.005998780019581318,0.036882635205984116,-0.02490225061774254,0.03280758857727051,-0.03842904791235924,-0.01461763959378004,0.0736846923828125,0.03287206217646599,0.03351684287190437,-0.03385963663458824,-0.00226116762496531,-0.04928452521562576,-0.21947981417179108,0.01779712364077568,0.011943492107093334,-0.016144143417477608,-0.03750621899962425,0.00979687925428152,0.04788168519735336,-0.05097682401537895,0.1203199252486229,-0.02206849679350853,0.1264706254005432,-0.06181376427412033,0.0012893968960270286,-0.04960190877318382,0.01451848540455103,0.016830306500196457,0.0038498579524457455,0.02477823570370674,-0.00951200257986784,-0.006779776886105537,0.021452676504850388,0.026027275249361992,0.05463624373078346,-0.056893471628427505,0.03964075818657875,-0.05567857250571251,0.12676522135734558,0.11094724386930466,-0.0023609516210854053,0.01583932712674141,0.039804961532354355,-0.017727583646774292,0.003023572498932481,-0.12486257404088974,-0.017314648255705833,0.0766054093837738,-0.02528301253914833,-0.055477745831012726,-0.10482925921678543,-0.04026971757411957,0.010832351632416248,0.007968489080667496,-0.03271986171603203,-0.011565430089831352,-0.021058103069663048,-0.07998362183570862,-0.07307571917772293,-0.02496577799320221,-0.07541757076978683,0.007311862427741289,-0.011363222263753414,0.02277311310172081,0.05212082713842392,0.04729321971535683,-0.0037154746241867542,-0.05698816850781441,-0.015537742525339127,-0.015710782259702682,-0.031435705721378326,0.05207652971148491,-0.00741931889206171,-0.013566859997808933,0.027823692187666893,-0.03794680908322334,0.01563917100429535,0.03322986140847206,-0.06832163780927658,-0.02153760939836502,0.06556253880262375,-0.007014057133346796,-0.015045180916786194,-0.047085341066122055,0.010711614973843098,-0.026049340143799782,0.046568404883146286,0.020558297634124756,-0.023471638560295105,-0.008087539114058018,-0.04241223633289337,-0.026064865291118622,-0.00016499272896908224,0.013937944546341896,0.08182696253061295,0.020097149536013603,0.039357103407382965,0.05698570981621742,0.052296996116638184,0.003139324951916933,0.039031531661748886,-0.034821558743715286,-0.01242212112993002,0.040078144520521164,-0.01207458321005106,-0.07521530240774155,0.0004616930091287941,0.009762367233633995,-0.28187912702560425,0.03743033483624458,-0.009084668010473251,0.017607638612389565,0.023685064166784286,0.026920486241579056,0.06621897965669632,0.009288450703024864,-0.07805201411247253,0.001890365849249065,-0.08584918081760406,0.029938574880361557,0.019869951531291008,-0.053912341594696045,-0.0028307659085839987,0.0045056710951030254,-0.006014732643961906,-0.026347778737545013,0.01119924709200859,-0.010581014677882195,0.0006610599812120199,0.03706945851445198,0.21801573038101196,-0.022514287382364273,0.06995534896850586,0.06188973784446716,-0.016852209344506264,-0.005915561690926552,0.06599598377943039,0.012338764034211636,-0.08870294690132141,0.015119384974241257,0.06658155471086502,-0.00995747372508049,0.042222797870635986,-0.008015291765332222,-0.0749487355351448,-0.0052468739449977875,0.023309942334890366,-0.0607629120349884,-0.04509742930531502,0.021770795807242393,-0.03514450788497925,0.05510399490594864,0.044314753264188766,-0.08574812114238739,-0.021887121722102165,-0.0367712676525116,0.013530196622014046,0.05290690064430237,-0.025658559054136276,-0.07352306693792343,-0.008628686890006065,0.021779177710413933,-0.031155981123447418,0.027214860543608665,0.0148500120267272,-0.023435847833752632,0.005234051495790482,